{"stats":{"minecraft:used":{"minecraft:stone_sword":8,"iceandfire:armor_copper_metal_leggings":1,"minecraft:chest":2,"minecraft:spruce_planks":116,"minecraft:shield":8,"minecraft:iron_sword":162,"simpletomb:grave_key":17,"minecraft:iron_chestplate":1,"minecraft:torch":2,"iceandfire:armor_copper_metal_boots":1,"minecraft:dirt":14,"minecraft:wooden_axe":12,"butchercraft:cooked_lamb_scraps":4,"minecraft:iron_axe":58,"minecraft:furnace":5,"iceandfire:armor_copper_metal_helmet":1,"minecraft:potato":34,"minecraft:birch_planks":45,"minecraft:baked_potato":10,"minecraft:stone_pickaxe":44,"minecraft:oak_planks":7,"minecraft:wooden_pickaxe":27,"butchercraft:cooked_beef_scraps":6,"butchercraft:pork_scraps":10,"minecraft:crafting_table":9,"butchercraft:cooked_pork_scraps":5,"minecraft:bread":7,"minecraft:iron_pickaxe":165,"minecraft:stone_axe":3,"minecraft:cobblestone":25,"minecraft:purple_bed":1,"minecraft:andesite":8,"exoticbirds:peafowl_egg":1,"minecraft:pumpkin_pie":2,"minecraft:experience_bottle":1},"minecraft:dropped":{"minecraft:wheat_seeds":2,"minecraft:mossy_cobblestone":31,"simpletomb:grave_key":2,"minecraft:cobblestone":132,"dynamictrees:spruce_seed":9,"bossominium:the_bossdexium":1,"minecraft:dirt":16,"iceandfire:silver_sword":2,"butchercraft:cooked_pork_scraps":1,"minecraft:wooden_axe":3,"iceandfire:armor_copper_metal_boots":1,"minecraft:gold_nugget":1,"minecraft:iron_axe":1,"minecraft:paper":3,"iceandfire:silver_nugget":260,"minecraft:stone_axe":2,"alexsmobs:maggot":2,"minecraft:iron_nugget":18,"minecraft:stone_sword":2,"alexsmobs:animal_dictionary":1,"minecraft:rotten_flesh":6,"minecraft:oak_planks":26,"iceandfire:armor_copper_metal_helmet":1,"guideapi_vp:vampirism-guidebook":1,"iceandfire:dragon_ice":5,"grimoireofgaia:soulfire":11,"minecraft:spruce_planks":45,"iceandfire:silver_ingot":3,"exoticbirds:raw_birdmeat":3,"minecraft:slime_ball":2,"minecraft:stone_pickaxe":2,"minecraft:wooden_pickaxe":3,"iceandfire:armor_copper_metal_leggings":1},"minecraft:killed_by":{"gothic:shadowbeast":1,"grimoireofgaia:satyress":1,"minecraft:creeper":1,"hmag:zombie_girl":1,"gothic:gothic_wolf":10,"grimoireofgaia:cecaelia":1,"iceandfire:ice_dragon":15,"minecraft:skeleton":1,"grimoireofgaia:banshee":1},"minecraft:crafted":{"butchercraft:cooked_lamb_scraps":8,"minecraft:furnace":1,"iceandfire:armor_copper_metal_leggings":1,"iceandfire:armor_copper_metal_helmet":1,"iceandfire:armor_copper_metal_boots":1,"minecraft:iron_boots":2,"minecraft:iron_axe":1,"minecraft:stone_pickaxe":2,"minecraft:crafting_table":2,"minecraft:spruce_planks":83,"minecraft:iron_helmet":1,"minecraft:wooden_pickaxe":2,"minecraft:baked_potato":10,"minecraft:iron_sword":1,"minecraft:copper_ingot":16,"minecraft:birch_planks":16,"minecraft:stone_axe":2,"minecraft:bread":3,"minecraft:air":492,"butchercraft:cooked_beef_scraps":6,"butchercraft:cooked_pork_scraps":6,"minecraft:iron_chestplate":1,"minecraft:stick":15,"minecraft:iron_ingot":42,"minecraft:iron_pickaxe":2,"minecraft:wooden_axe":2,"minecraft:stone_sword":2,"minecraft:iron_leggings":2,"minecraft:acacia_planks":13,"minecraft:torch":5},"minecraft:killed":{"exoticbirds:magpie":2,"gothic:stone_guardian":2,"gothic:gothic_wolf":2,"hmag:zombie_girl":2,"grimoireofgaia:dullahan":12,"minecraft:pig":14,"minecraft:sheep":14,"minecraft:zombie":4,"grimoireofgaia:harpy":4,"iceandfire:ice_dragon":2,"minecraft:cow":8},"minecraft:picked_up":{"minecraft:wooden_axe":1,"minecraft:crafting_table":10,"grimoireofgaia:soulfire":11,"minecraft:wooden_pickaxe":1,"dynamictrees:spruce_seed":11,"exoticbirds:peafowl_egg":1,"butchercraft:pork_scraps":18,"minecraft:shield":1,"minecraft:raw_copper":45,"minecraft:iron_axe":1,"minecraft:gold_nugget":1,"minecraft:spruce_planks":55,"minecraft:echo_shard":1,"minecraft:iron_nugget":20,"minecraft:chest":2,"minecraft:egg":2,"minecraft:furnace":4,"minecraft:stick":64,"minecraft:raw_iron":42,"minecraft:acacia_log":14,"minecraft:stone_sword":1,"iceandfire:silver_ingot":3,"minecraft:rotten_flesh":12,"minecraft:red_tulip":1,"butchercraft:beef_scraps":6,"exoticbirds:raw_birdmeat":3,"minecraft:white_wool":7,"minecraft:cobblestone":241,"minecraft:birch_log":16,"minecraft:feather":2,"minecraft:andesite":8,"minecraft:birch_planks":1,"minecraft:paper":3,"minecraft:dirt":32,"dtterralith:black_poplar_seed":1,"minecraft:wheat_seeds":5,"dynamictrees:birch_seed":6,"minecraft:stone_pickaxe":1,"minecraft:oak_planks":33,"hmag:soul_powder":1,"iceandfire:dragonscales_sapphire":12,"croptopia:mustard":1,"grimoireofgaia:box_iron":3,"minecraft:spruce_log":83,"minecraft:mossy_cobblestone":31,"butchercraft:leather_scrap":5,"minecraft:purple_bed":1,"minecraft:slime_ball":2,"minecraft:stone_axe":1,"iceandfire:silver_sword":2,"iceandfire:dragon_ice":6,"butchercraft:lamb_scraps":9,"minecraft:emerald":4,"alexsmobs:maggot":2,"minecraft:coal":22,"iceandfire:silver_nugget":268},"minecraft:custom":{"minecraft:mob_kills":33,"minecraft:interact_with_crafting_table":34,"minecraft:leave_game":2,"minecraft:time_since_death":11583,"minecraft:climb_one_cm":457,"minecraft:sprint_one_cm":633874,"minecraft:walk_one_cm":395729,"minecraft:damage_blocked_by_shield":380,"minecraft:drop":98,"minecraft:damage_dealt_absorbed":118,"minecraft:play_time":133760,"minecraft:deaths":33,"minecraft:sneak_time":1497,"minecraft:walk_under_water_one_cm":5938,"minecraft:jump":2693,"minecraft:walk_on_water_one_cm":10442,"minecraft:total_world_time":133760,"minecraft:interact_with_furnace":67,"minecraft:interact_with_cartography_table":2,"minecraft:interact_with_grindstone":1,"minecraft:sleep_in_bed":3,"minecraft:time_since_rest":11616,"minecraft:damage_taken":9650,"minecraft:damage_dealt":8392,"minecraft:swim_one_cm":15688,"minecraft:fly_one_cm":624774,"minecraft:open_chest":22,"minecraft:crouch_one_cm":7743,"minecraft:fall_one_cm":64986},"minecraft:mined":{"minecraft:spruce_planks":10,"minecraft:mossy_cobblestone":35,"minecraft:acacia_log":14,"minecraft:grass_block":8,"minecraft:furnace":4,"minecraft:iron_ore":42,"dynamictrees:rooty_grass_block":1,"minecraft:andesite":8,"minecraft:red_tulip":1,"minecraft:stone":67,"minecraft:acacia_leaves":1,"iceandfire:frozen_gravel":3,"minecraft:crafting_table":9,"minecraft:chest":3,"iceandfire:frozen_dirt":2,"minecraft:tall_grass":3,"minecraft:copper_ore":15,"minecraft:cobblestone":42,"minecraft:oak_planks":30,"minecraft:birch_planks":1,"minecraft:purple_bed":1,"minecraft:grass":22,"minecraft:coal_ore":22,"minecraft:dirt":3,"minecraft:oak_leaves":1,"minecraft:fern":1}},"DataVersion":3120}