{"stats":{"minecraft:used":{"minecraft:stone_sword":11,"butchercraft:chicken_scraps":1,"minecraft:stone_pickaxe":498,"minecraft:blackstone":2,"minecraft:wooden_pickaxe":17,"simpletomb:grave_key":3,"minecraft:dirt":1,"butchercraft:cooked_pork_scraps":1,"minecraft:wooden_axe":14,"minecraft:melon_slice":3,"minecraft:iron_pickaxe":78,"exoticbirds:cooked_birdmeat":1,"minecraft:furnace":1,"alexsmobs:animal_dictionary":1,"minecraft:pumpkin":7},"minecraft:dropped":{"minecraft:stone_sword":1,"croptopia:eggplant":1,"minecraft:melon_slice":2},"minecraft:broken":{"minecraft:stone_pickaxe":3},"minecraft:killed_by":{"grimoireofgaia:minotaurus":3,"grimoireofgaia:toad":1},"minecraft:crafted":{"minecraft:cobblestone_slab":16,"minecraft:wooden_pickaxe":1,"minecraft:furnace":1,"minecraft:air":198,"minecraft:jungle_planks":22,"butchercraft:cooked_pork_scraps":1,"minecraft:stick":5,"minecraft:stone_pickaxe":7,"minecraft:wooden_axe":1,"minecraft:stone_sword":1,"exoticbirds:cooked_birdmeat":1,"minecraft:acacia_planks":24},"minecraft:killed":{"minecraft:pig":4,"exoticbirds:duck":2,"minecraft:chicken":2,"minecraft:silverfish":8},"minecraft:picked_up":{"minecraft:clay_ball":128,"butchercraft:pork_scraps":1,"minecraft:flint":2,"minecraft:tuff":15,"create:raw_zinc":6,"minecraft:oak_log":6,"minecraft:dirt":2,"gothic:swampweed":1,"minecraft:raw_copper":29,"minecraft:blackstone":7,"minecraft:wheat_seeds":1,"minecraft:cobbled_deepslate":165,"minecraft:raw_gold":12,"minecraft:iron_pickaxe":1,"minecraft:melon_slice":5,"minecraft:acacia_sapling":2,"minecraft:iron_boots":1,"minecraft:stick":9,"minecraft:raw_iron":20,"minecraft:pumpkin":8,"minecraft:torch":1,"minecraft:acacia_log":6,"iceandfire:silver_ore":2,"minecraft:gravel":17,"minecraft:redstone":26,"minecraft:stone_sword":1,"butchercraft:chicken_scraps":1,"minecraft:rotten_flesh":1,"dynamictrees:jungle_seed":4,"exoticbirds:raw_birdmeat":1,"minecraft:cobblestone":319},"minecraft:custom":{"minecraft:interact_with_furnace":11,"minecraft:mob_kills":9,"minecraft:interact_with_crafting_table":18,"minecraft:time_since_death":24766,"minecraft:climb_one_cm":246,"minecraft:time_since_rest":24856,"minecraft:sprint_one_cm":101301,"minecraft:walk_one_cm":223004,"minecraft:damage_taken":1948,"minecraft:drop":3,"minecraft:damage_dealt":885,"minecraft:damage_dealt_absorbed":54,"minecraft:fly_one_cm":80968,"minecraft:open_chest":16,"minecraft:crouch_one_cm":64,"minecraft:play_time":58659,"minecraft:deaths":5,"minecraft:sneak_time":80,"minecraft:walk_under_water_one_cm":7248,"minecraft:jump":909,"minecraft:walk_on_water_one_cm":21586,"minecraft:total_world_time":58659,"minecraft:fall_one_cm":15343},"minecraft:mined":{"minecraft:deepslate_redstone_ore":6,"create:deepslate_zinc_ore":6,"minecraft:tuff":15,"minecraft:acacia_leaves":2,"iceandfire:silver_ore":2,"minecraft:blackstone":7,"minecraft:clay":33,"minecraft:acacia_log":4,"minecraft:grass_block":3,"gothic:swampweed_wild":1,"minecraft:melon":1,"minecraft:cobblestone":2,"minecraft:copper_ore":8,"minecraft:deepslate_gold_ore":12,"minecraft:red_mushroom":2,"minecraft:iron_ore":4,"minecraft:pumpkin":9,"minecraft:grass":20,"minecraft:oak_log":7,"minecraft:deepslate_iron_ore":16,"minecraft:gravel":19,"minecraft:stone":327,"minecraft:deepslate":177,"minecraft:infested_stone":3}},"DataVersion":3120}