{"stats":{"minecraft:used":{"minecraft:stone_sword":96,"gothic:meat":2,"simpletomb:grave_key":8,"minecraft:torch":5,"minecraft:white_carpet":1,"gothic:waterpipe":2,"minecraft:wooden_axe":8,"vampirism:item_tent":1,"hmag:exp_berry":10,"minecraft:jungle_log":4,"evilcraft:flesh_humanoid":1,"minecraft:bow":1,"minecraft:acacia_planks":22,"minecraft:stone_pickaxe":89,"minecraft:wooden_pickaxe":13,"butchercraft:cooked_beef_scraps":14,"gothic:meat_cooked":10,"minecraft:stripped_dark_oak_log":1,"minecraft:crafting_table":5,"hmag:randomberry":2,"butchercraft:cooked_pork_scraps":14,"minecraft:smoker":4,"minecraft:bread":2,"minecraft:string":2,"hmag:cooked_savagefang_meat":1,"minecraft:stone_axe":17,"minecraft:cobblestone":44},"minecraft:dropped":{"oaks_decor:throwable_pebble":2,"minecraft:wheat_seeds":7,"gothic:molerat_fat":1,"minecraft:cobblestone":1,"vampirism:item_tent":1,"vampirism:amulet":1,"gothic:waterpipe":2,"minecraft:item_frame":1,"minecraft:dirt":8,"gothic:fangs":2,"vampirism:ring":1,"minecraft:iron_nugget":2,"dynamictrees:oak_seed":6,"minecraft:stripped_dark_oak_log":1,"minecraft:rotten_flesh":4,"supplementaries:bamboo_spikes_tipped":1,"hmag:bat_stew":1,"minecraft:arrow":2},"minecraft:killed_by":{"minecraft:spider":1,"gothic:stone_guardian":1,"grimoireofgaia:toad":1,"minecraft:skeleton":2,"minecraft:zombie":1,"vampirism:hunter":1,"vampirism:vampire":1},"minecraft:crafted":{"minecraft:furnace":1,"minecraft:stone_pickaxe":1,"minecraft:smoker":1,"sophisticatedbackpacks:backpack":1,"minecraft:crafting_table":2,"minecraft:wooden_pickaxe":1,"minecraft:stone_axe":2,"minecraft:air":57,"butchercraft:cooked_beef_scraps":14,"butchercraft:cooked_pork_scraps":14,"minecraft:stick":12,"minecraft:wooden_axe":1,"minecraft:stone_sword":1,"minecraft:acacia_planks":14,"minecraft:torch":2},"minecraft:killed":{"vampirism:vampire":2,"minecraft:spider":8,"minecraft:skeleton":2,"hmag:zombie_girl":2,"alexsmobs:banana_slug":2,"gothic:molerat":2,"grimoireofgaia:mandragora":2,"minecraft:pig":10,"vampirism:hunter":2,"minecraft:sheep":2,"minecraft:zombie":2,"minecraft:cow":18},"minecraft:picked_up":{"minecraft:crafting_table":4,"butchercraft:pork_scraps":14,"gothic:waterpipe":4,"minecraft:string":7,"minecraft:item_frame":1,"minecraft:white_carpet":1,"minecraft:echo_shard":1,"hmag:cooked_savagefang_meat":3,"minecraft:iron_nugget":2,"dynamictrees:oak_seed":6,"minecraft:sugar_cane":4,"minecraft:chest":1,"minecraft:stick":34,"minecraft:torch":4,"minecraft:acacia_log":29,"oaks_decor:throwable_pebble":2,"vampirism:vampire_fang":1,"vampirism:amulet":1,"minecraft:arrow":3,"minecraft:rotten_flesh":2,"butchercraft:beef_scraps":14,"gothic:molerat_fat":1,"minecraft:white_wool":4,"minecraft:cobblestone":67,"vampirism:item_tent":2,"minecraft:andesite":1,"minecraft:jungle_log":9,"minecraft:smoker":4,"minecraft:red_mushroom":2,"minecraft:oak_log":10,"minecraft:dirt":8,"minecraft:bone":2,"minecraft:acacia_planks":1,"minecraft:wheat_seeds":7,"hmag:exp_berry":8,"vampirism:ring":1,"gothic:meat_cooked":10,"minecraft:jungle_planks":2,"minecraft:blast_furnace":1,"exoticbirds:mystery_egg":2,"minecraft:spider_eye":1,"minecraft:mossy_cobblestone":1,"butchercraft:leather_scrap":10,"hmag:randomberry":2,"butchercraft:lamb_scraps":2,"minecraft:bread":2,"minecraft:stripped_dark_oak_log":2,"minecraft:coal":15},"minecraft:custom":{"minecraft:mob_kills":26,"minecraft:interact_with_crafting_table":15,"minecraft:interact_with_campfire":2,"minecraft:damage_dealt_resisted":192,"minecraft:leave_game":1,"minecraft:time_since_death":15154,"minecraft:climb_one_cm":2247,"minecraft:sprint_one_cm":465159,"minecraft:walk_one_cm":273146,"minecraft:drop":27,"minecraft:damage_dealt_absorbed":98,"minecraft:talked_to_villager":2,"minecraft:play_time":107983,"minecraft:deaths":9,"minecraft:sneak_time":8731,"minecraft:walk_under_water_one_cm":8165,"minecraft:jump":2661,"minecraft:walk_on_water_one_cm":28099,"minecraft:total_world_time":107983,"minecraft:time_since_rest":15181,"minecraft:waystone_activated":1,"minecraft:damage_taken":3224,"minecraft:damage_dealt":4438,"minecraft:swim_one_cm":29337,"minecraft:fly_one_cm":544722,"minecraft:open_chest":33,"minecraft:crouch_one_cm":26719,"minecraft:interact_with_smoker":18,"minecraft:fall_one_cm":70285},"minecraft:mined":{"minecraft:mossy_cobblestone":1,"exoticbirds:nest":1,"gothic:waterpipe":4,"minecraft:acacia_log":29,"minecraft:grass_block":1,"minecraft:jungle_planks":2,"gothic:scavenger_grilled":3,"minecraft:red_mushroom":2,"minecraft:large_fern":1,"dynamictrees:oak_leaves":2,"dynamictrees:dark_oak_leaves":3,"minecraft:andesite":1,"vampirism:tent":2,"gothic:scavenger_hanging":1,"minecraft:stone":64,"gothic:giant_river_flowers":1,"minecraft:white_wool":3,"dynamictrees:jungle_leaves":3,"minecraft:acacia_leaves":3,"minecraft:smoker":4,"minecraft:stripped_dark_oak_log":2,"minecraft:oak_fence":1,"minecraft:crafting_table":4,"minecraft:torch":2,"minecraft:blast_furnace":1,"minecraft:chest":1,"minecraft:cobblestone":3,"minecraft:tall_grass":6,"minecraft:sugar_cane":2,"minecraft:wall_torch":2,"minecraft:white_carpet":1,"minecraft:yellow_stained_glass_pane":4,"minecraft:grass":17,"minecraft:coal_ore":10,"minecraft:dirt":9,"minecraft:acacia_planks":1,"minecraft:oak_leaves":3,"minecraft:fern":2}},"DataVersion":3120}