{"stats":{"minecraft:used":{"minecraft:oak_fence":12,"iceandfire:silver_sword":12,"minecraft:spruce_slab":8,"minecraft:poppy":1,"minecraft:spruce_planks":28,"minecraft:chest":17,"minecraft:shield":56,"minecraft:iron_sword":128,"simpletomb:grave_key":15,"minecraft:dirt":1,"minecraft:jungle_planks":10,"minecraft:spruce_stairs":10,"minecraft:oak_fence_gate":1,"hmag:bat_stew":2,"hmag:exp_berry":4,"minecraft:iron_axe":79,"minecraft:golden_boots":1,"minecraft:oak_planks":38,"minecraft:blue_bed":3,"butchercraft:pork_scraps":4,"hmag:purification_cloth":1,"minecraft:crafting_table":4,"butchercraft:cooked_pork_scraps":1,"hmag:randomberry":9,"minecraft:dark_oak_door":2,"minecraft:spruce_log":1,"minecraft:iron_pickaxe":74,"minecraft:cobblestone":23,"minecraft:purple_bed":2,"minecraft:bucket":1},"minecraft:broken":{"minecraft:shield":1},"minecraft:dropped":{"vampirism:item_garlic":2,"minecraft:golden_boots":1,"oaks_decor:throwable_pebble":2,"iceandfire:dragonscales_sapphire":12,"vampirism:armor_of_swiftness_feet_ultimate":2,"minecraft:wheat_seeds":5,"butchercraft:pork_scraps":5,"supplementaries:bamboo_spikes":1,"minecraft:glass_bottle":1,"vampirism:vampire_book":2,"minecraft:feather":4,"minecraft:cobblestone":5,"dynamictrees:spruce_seed":8,"vampirism:amulet":3,"minecraft:coal":4,"vampirism:hunter_coat_feet_ultimate":1,"bossominium:the_bossdexium":1,"paraglider:spirit_orb":6,"minecraft:stick":48,"butchercraft:lamb_scraps":4,"minecraft:dirt":2,"dynamictrees:jungle_seed":1,"minecraft:gold_nugget":1,"minecraft:white_wool":1,"hmag:cooked_savagefang_meat":3,"dynamictrees:oak_seed":3,"minecraft:iron_nugget":3,"vampirism:armor_of_swiftness_head_ultimate":2,"alexsmobs:animal_dictionary":1,"minecraft:bowl":2,"minecraft:rotten_flesh":34,"vampirism:blood_bottle":1,"alexsmobs:ancient_dart":2,"iceandfire:fire_lily":1,"minecraft:stone_slab":1,"guideapi_vp:vampirism-guidebook":2,"butchercraft:chicken_scraps":1,"vampirism:armor_of_swiftness_chest_ultimate":2,"hmag:randomberry":2,"supplementaries:bamboo_spikes_tipped":1,"iceandfire:dragon_ice":1,"solarcraft:ancient_fragment":4,"minecraft:shield":1,"grimoireofgaia:cursed_metal_sword":1,"exoticbirds:raw_birdmeat":5,"upgrade_aquatic:purple_pickerelweed":2,"minecraft:bamboo":10,"minecraft:spruce_log":34,"minecraft:arrow":2,"grimoireofgaia:meat":1,"dtterralith:black_poplar_seed":4,"minecraft:black_wool":1,"hmag:exp_berry":8},"minecraft:killed_by":{"minecraft:player":1,"grimoireofgaia:orc":1,"gothic:gothic_wolf":2,"iceandfire:ice_dragon":4,"grimoireofgaia:harpy":1,"hmag:skeleton_girl":1},"minecraft:crafted":{"minecraft:oak_planks":7,"minecraft:golden_chestplate":1,"minecraft:dark_oak_door":3,"minecraft:spruce_stairs":4,"minecraft:iron_axe":1,"minecraft:spruce_slab":6,"minecraft:chest":12,"minecraft:dark_oak_planks":9,"minecraft:oak_fence":15,"minecraft:golden_boots":1,"minecraft:crafting_table":2,"minecraft:spruce_planks":28,"minecraft:iron_sword":1,"minecraft:bucket":1,"minecraft:air":211,"minecraft:jungle_planks":6,"minecraft:oak_fence_gate":1,"minecraft:golden_leggings":1,"minecraft:shield":3,"minecraft:iron_pickaxe":1},"minecraft:killed":{"minecraft:spider":2,"minecraft:skeleton":2,"minecraft:drowned":2,"grimoireofgaia:dullahan":2,"vampirism:hunter":2,"grimoireofgaia:horse":2,"minecraft:zombie":6,"gothic:snapper":2,"grimoireofgaia:harpy":4},"minecraft:picked_up":{"minecraft:crafting_table":2,"grimoireofgaia:soulfire":2,"minecraft:stone_slab":1,"iceandfire:fire_lily":1,"dynamictrees:spruce_seed":13,"butchercraft:pork_scraps":9,"vampirism:armor_of_swiftness_head_ultimate":1,"minecraft:iron_axe":1,"minecraft:item_frame":1,"minecraft:gold_nugget":2,"minecraft:spruce_planks":27,"minecraft:spruce_slab":7,"dynamictrees:oak_seed":3,"minecraft:iron_nugget":7,"minecraft:poppy":1,"croptopia:mustard_seed":1,"minecraft:chest":5,"minecraft:iron_boots":1,"iceandfire:ice_dragon_heart":1,"minecraft:dark_oak_door":2,"minecraft:stick":109,"iceandfire:dragonbone":10,"grimoireofgaia:meat":1,"minecraft:copper_ingot":1,"minecraft:spruce_stairs":8,"oaks_decor:throwable_pebble":3,"iceandfire:rotten_egg":1,"butchercraft:cooked_pork_scraps":1,"iceandfire:dragon_skull_ice":1,"butchercraft:chicken_scraps":1,"minecraft:arrow":2,"vampirism:blood_bottle":1,"minecraft:rotten_flesh":21,"minecraft:red_tulip":1,"grimoireofgaia:cursed_metal_sword":1,"minecraft:gold_ingot":20,"minecraft:cobblestone":53,"exoticbirds:raw_birdmeat":8,"minecraft:white_wool":2,"upgrade_aquatic:purple_pickerelweed":2,"minecraft:feather":7,"vampirism:item_tent":1,"minecraft:jungle_log":6,"minecraft:oak_log":7,"evilcraft:flesh_humanoid":1,"minecraft:dirt":23,"minecraft:blue_bed":3,"dtterralith:black_poplar_seed":4,"minecraft:bone":1,"minecraft:wheat_seeds":7,"guideapi_vp:vampirism-guidebook":1,"minecraft:iron_ingot":4,"solarcraft:empty_crystal":3,"minecraft:oak_planks":38,"vampirism:armor_of_swiftness_feet_ultimate":1,"iceandfire:dragonscales_sapphire":23,"minecraft:spruce_log":63,"minecraft:dark_oak_log":9,"minecraft:purple_bed":2,"iceandfire:silver_sword":1,"dynamictrees:jungle_seed":1,"iceandfire:dragon_ice":1,"butchercraft:lamb_scraps":4,"iceandfire:silver_nugget":10,"minecraft:black_wool":1,"vampirism:armor_of_swiftness_chest_ultimate":1,"minecraft:coal":4},"minecraft:custom":{"minecraft:mob_kills":34,"minecraft:interact_with_crafting_table":27,"minecraft:damage_dealt_resisted":19,"minecraft:leave_game":1,"minecraft:time_since_death":7965,"minecraft:climb_one_cm":1059,"minecraft:damage_resisted":324,"minecraft:sprint_one_cm":661716,"minecraft:walk_one_cm":222500,"minecraft:damage_blocked_by_shield":3076,"minecraft:drop":90,"minecraft:damage_dealt_absorbed":128,"minecraft:play_time":138836,"minecraft:deaths":15,"minecraft:sneak_time":1244,"minecraft:walk_under_water_one_cm":4842,"minecraft:jump":3169,"minecraft:walk_on_water_one_cm":32255,"minecraft:total_world_time":138836,"minecraft:sleep_in_bed":2,"minecraft:time_since_rest":7993,"minecraft:damage_taken":705746,"minecraft:damage_dealt":5815,"minecraft:swim_one_cm":25931,"minecraft:fly_one_cm":867631,"minecraft:open_chest":54,"minecraft:crouch_one_cm":3662,"minecraft:fall_one_cm":74776},"minecraft:mined":{"minecraft:spruce_planks":26,"croptopia:mustard_crop":1,"solarcraft:crystal":1,"gothic:swampweed_wild":1,"minecraft:grass_block":21,"dynamictrees:oak_leaves":1,"dynamictrees:spruce_leaves":2,"vampirism:tent":2,"minecraft:vine":1,"minecraft:red_tulip":1,"minecraft:stone":53,"minecraft:spruce_slab":6,"vampirism:tent_main":1,"minecraft:crafting_table":3,"minecraft:poppy":1,"minecraft:chest":4,"minecraft:stone_slab":1,"iceandfire:fire_lily":1,"minecraft:tall_grass":11,"minecraft:cobblestone":3,"oaks_decor:pebbles_1":2,"minecraft:oak_planks":15,"minecraft:blue_bed":3,"croptopia:spinach_crop":1,"minecraft:spruce_stairs":8,"minecraft:purple_bed":2,"minecraft:dark_oak_door":1,"minecraft:spruce_log":1,"upgrade_aquatic:tall_purple_pickerelweed":1,"minecraft:grass":73,"iceandfire:silver_pile":1,"minecraft:coal_ore":5,"evilcraft:blood_stain":1,"minecraft:dirt":4,"oaks_decor:pebbles_2":1,"minecraft:fern":3}},"DataVersion":3120}