{"stats":{"minecraft:used":{"croptopia:eggplant":1,"butchercraft:chicken_scraps":1,"minecraft:stone_sword":1,"minecraft:stone_pickaxe":309,"minecraft:chest":1,"minecraft:wooden_pickaxe":46,"minecraft:rotten_flesh":2,"simpletomb:grave_key":22,"minecraft:oak_door":1,"minecraft:torch":10,"minecraft:dirt":8,"minecraft:crafting_table":2,"minecraft:campfire":3,"minecraft:wooden_axe":2,"minecraft:melon_slice":2,"minecraft:iron_pickaxe":132,"minecraft:iron_boots":1,"evilcraft:flesh_humanoid":2,"minecraft:stone_axe":85,"minecraft:cobblestone":63,"iceandfire:armor_copper_metal_helmet":1},"minecraft:dropped":{"minecraft:stone_axe":3,"minecraft:wheat_seeds":1,"minecraft:oak_log":2,"minecraft:stone_sword":1,"minecraft:cobblestone":3,"minecraft:rotten_flesh":1,"minecraft:iron_boots":1,"minecraft:dirt":1,"minecraft:torch":1,"minecraft:acacia_sapling":2,"minecraft:oak_sapling":2,"minecraft:iron_pickaxe":2},"minecraft:broken":{"minecraft:stone_pickaxe":2},"minecraft:killed_by":{"gothic:shadowbeast":1,"grimoireofgaia:minotaurus":4,"minecraft:skeleton":1,"minecraft:giant":1,"grimoireofgaia:harpy":1,"grimoireofgaia:toad":1,"grimoireofgaia:cobble_golem":1,"grimoireofgaia:matango":1,"hmag:dullahan":1},"minecraft:crafted":{"minecraft:oak_door":3,"minecraft:oak_planks":17,"minecraft:crafting_table":1,"minecraft:spruce_planks":6,"minecraft:wooden_pickaxe":1,"minecraft:campfire":3,"minecraft:stone_axe":1,"minecraft:air":89,"minecraft:iron_pickaxe":2,"minecraft:iron_ingot":6,"minecraft:stick":10,"minecraft:stone_pickaxe":4,"minecraft:chest":1,"minecraft:torch":4},"minecraft:killed":{"minecraft:sheep":6,"minecraft:zombie":2,"minecraft:chicken":2,"minecraft:silverfish":2,"minecraft:player":1,"minecraft:cow":2},"minecraft:picked_up":{"minecraft:wooden_axe":1,"minecraft:charcoal":10,"minecraft:crafting_table":1,"minecraft:clay_ball":36,"minecraft:jungle_log":44,"minecraft:brown_mushroom":1,"dynamictrees:spruce_seed":3,"minecraft:wooden_pickaxe":1,"butchercraft:pork_scraps":1,"minecraft:tuff":39,"create:raw_zinc":23,"minecraft:oak_log":20,"iceandfire:armor_copper_metal_helmet":1,"minecraft:lapis_lazuli":21,"minecraft:raw_copper":12,"minecraft:dirt":38,"croptopia:eggplant":2,"gothic:giant_river_plant":1,"minecraft:wheat_seeds":9,"minecraft:cobbled_deepslate":114,"minecraft:stone_pickaxe":1,"dynamictrees:oak_seed":3,"minecraft:iron_pickaxe":1,"minecraft:bamboo":7,"solarcraft:empty_crystal":1,"minecraft:melon_slice":2,"minecraft:birch_sapling":1,"minecraft:acacia_sapling":2,"minecraft:iron_boots":1,"minecraft:stick":38,"minecraft:raw_iron":27,"minecraft:pumpkin":2,"minecraft:torch":8,"minecraft:acacia_log":6,"iceandfire:silver_ore":2,"minecraft:gravel":1,"oaks_decor:throwable_pebble":1,"minecraft:redstone":9,"croptopia:eggplant_seed":2,"exoticbirds:mystery_egg":1,"minecraft:spruce_log":6,"minecraft:dark_oak_log":8,"minecraft:mossy_cobblestone":3,"gothic:cave_mushrooms":1,"butchercraft:chicken_scraps":1,"minecraft:stone_sword":2,"minecraft:rotten_flesh":17,"minecraft:stone_axe":4,"dynamictrees:jungle_seed":3,"butchercraft:lamb_scraps":5,"minecraft:gray_wool":1,"butchercraft:beef_scraps":3,"minecraft:oak_sapling":3,"minecraft:white_wool":2,"minecraft:cobblestone":219},"minecraft:custom":{"minecraft:interact_with_furnace":12,"minecraft:mob_kills":9,"minecraft:interact_with_crafting_table":34,"minecraft:interact_with_campfire":4,"minecraft:damage_dealt_resisted":12,"minecraft:leave_game":1,"minecraft:time_since_death":24768,"minecraft:climb_one_cm":1192,"minecraft:damage_resisted":120,"minecraft:time_since_rest":24799,"minecraft:sprint_one_cm":273393,"minecraft:damage_taken":4443,"minecraft:walk_one_cm":306758,"minecraft:drop":18,"minecraft:damage_dealt":1594,"minecraft:damage_dealt_absorbed":129,"minecraft:swim_one_cm":20431,"minecraft:fly_one_cm":482526,"minecraft:player_kills":1,"minecraft:open_chest":14,"minecraft:crouch_one_cm":13629,"minecraft:play_time":136971,"minecraft:deaths":15,"minecraft:sneak_time":4761,"minecraft:walk_under_water_one_cm":6623,"minecraft:jump":2488,"minecraft:walk_on_water_one_cm":9596,"minecraft:total_world_time":136971,"minecraft:fall_one_cm":68573},"minecraft:mined":{"minecraft:deepslate_redstone_ore":2,"create:deepslate_zinc_ore":23,"minecraft:tuff":39,"minecraft:acacia_leaves":2,"iceandfire:silver_ore":2,"croptopia:eggplant_crop":1,"minecraft:mossy_cobblestone":2,"solarcraft:crystal":1,"gothic:cave_mushrooms":1,"minecraft:clay":8,"minecraft:crafting_table":1,"minecraft:torch":5,"minecraft:acacia_log":8,"minecraft:grass_block":8,"minecraft:campfire":5,"minecraft:copper_ore":3,"minecraft:tall_grass":6,"minecraft:cobblestone":12,"minecraft:wall_torch":2,"minecraft:large_fern":9,"dynamictrees:oak_undergrowth_leaves":3,"minecraft:iron_ore":12,"minecraft:pumpkin":2,"minecraft:deepslate_lapis_ore":3,"minecraft:birch_leaves":1,"dynamictrees:spruce_leaves":2,"minecraft:grass":44,"minecraft:oak_log":11,"minecraft:deepslate_iron_ore":15,"minecraft:dirt":22,"dynamictrees:jungle_undergrowth_leaves":7,"oaks_decor:pebbles_2":1,"minecraft:bamboo":1,"minecraft:stone":211,"gothic:giant_river_flowers":1,"minecraft:oak_leaves":10,"minecraft:deepslate":114,"minecraft:fern":1}},"DataVersion":3120}